<?xml version="1.0" encoding="UTF-8"?>
<!DOCTYPE log4j:configuration PUBLIC "-//APACHE//DTD LOG4J 1.2//EN" "log4j.dtd">
<log4j:configuration xmlns:log4j="http://jakarta.apache.org/log4j/">

	<!-- Appenders -->
	<appender name="console" class="org.apache.log4j.ConsoleAppender">
		<param name="Target" value="System.out" />
		<layout class="org.apache.log4j.PatternLayout">
			<param name="ConversionPattern" value="%-5p: %c - %m%n" />
		</layout>
	</appender>
	
	<!-- 파일에 로그 메세지 저장하는 appender 추가함 : 로그를 분석할 때 이용함 -->
	<appender name="fileLogger" class="org.apache.log4j.DailyRollingFileAppender">
		<param name="file" value="D:\\erp_workspace\\moduerp\\src\\main\\resources\\logs\\system.log" />
		<param name="Append" value="true" />
		<param name="DatePattern" value="yyyy-MM-dd" />
		<layout class="org.apache.log4j.PatternLayout">
			<param name="ConversionPattern" value="[%d{HH:mm:ss}][%-5p][%F: %L] - %m%n" />
		</layout>
	</appender>
	
	
	<!-- log4jdbc-remix 모듈을 사용한 로그 출력용 appender 추가함 -->
	<!-- 실행되는 query 문과 resultSet 결과를 출력하는 appender 로 설정함 -->
	<appender name="sqlLogger" class="org.apache.log4j.ConsoleAppender">		
		<layout class="org.apache.log4j.PatternLayout">
			<param name="ConversionPattern" value="%m%n" />
		</layout>
	</appender>
	
	<!-- query logger -->
	<logger name="jdbc.sqlonly" additivity="false">
		<level value="info" />
		<appender-ref ref="sqlLogger" />
	</logger>
	
	<!-- resultSet logger -->
	<logger name="jdbc.resultsettable" additivity="false">
		<level value="info" />
		<appender-ref ref="sqlLogger" />
	</logger>
	
	<!-- Application Loggers -->
	<logger name="com.e3i3.moduerp">
		<level value="info" />
	</logger>
	
	<!-- 3rdparty Loggers -->
	<logger name="org.springframework.core">
		<level value="info" />
	</logger>
	
	<logger name="org.springframework.beans">
		<level value="info" />
	</logger>
	
	<logger name="org.springframework.context">
		<level value="info" />
	</logger>

	<logger name="org.springframework.web">
		<level value="info" />
	</logger>

	<!-- Root Logger -->
	<root>
		<priority value="warn" />
		<appender-ref ref="console" />
		<appender-ref ref="fileLogger" />
	</root>
	
</log4j:configuration>
