<?xml version="1.0" encoding="utf-8"?>
<!DOCTYPE configuration PUBLIC
 "-//mybatis.org//DTD Config 3.0//EN"
 "http://mybatis.org/dtd/mybatis-3-config.dtd">
<configuration>
	<!-- 마아바티스는 sql 구문에 사용되는 값이 null 이면 에러 발생함. null 을 사용할 수 있게 하려면 아래의 설정을 
		추가함 -->
	<settings>
		<setting name="jdbcTypeForNull" value="NULL" />
		<setting name="cacheEnabled" value="false" />
	</settings>

	<!-- 존재하지 않는 클래스와 매퍼파일을 먼저 등록 설정하면 에러 발생함 : 톰켓 구동 안됨 -->
	<typeAliases>
		<typeAlias type="com.e3i3.moduerp.company.model.dto.Company" alias="Company" />
		<typeAlias type="com.e3i3.moduerp.employee.model.dto.Employee" alias="Employee" />
		<typeAlias type="com.e3i3.moduerp.department.model.dto.Department" alias="Department" />
		<typeAlias type="com.e3i3.moduerp.notice.model.dto.Notice" alias="Notice" />
		
	</typeAliases>

	 <typeHandlers>
        <typeHandler handler="com.e3i3.moduerp.common.handler.UUIDTypeHandler" javaType="java.util.UUID"/>
    </typeHandlers>
    
	<mappers>
		<mapper resource="mappers/company-mapper.xml" />
		<mapper resource="mappers/employee-mapper.xml" />
		<mapper resource="mappers/department-mapper.xml" />
		<mapper resource="mappers/productionStock-mapper.xml" />
		<mapper resource="mappers/notice-mapper.xml" />
	</mappers>
</configuration>
