<?xml version="1.0" encoding="UTF-8" ?>
<!DOCTYPE mapper
  PUBLIC "-//mybatis.org//DTD Mapper 3.0//EN"
  "http://mybatis.org/dtd/mybatis-3-mapper.dtd">

<mapper namespace="AccountMapper">

    <resultMap id="accountResult"
        type="com.e3i3.moduerp.account.model.dto.AccountDTO">
        <result property="accountNo" column="ACCOUNT_NO" />
        <result property="accountName" column="ACCOUNT_NAME" />
        <result property="businessType" column="BUSINESS_TYPE" />
        <result property="items" column="Items" />
        <result property="bossName" column="BOSS_NAME" />
    </resultMap>

    <select id="selectAllAccounts"
        resultMap="accountResult">
        SELECT * FROM ACCOUNT
    </select>

</mapper>
