<?xml version="1.0" encoding="UTF-8" ?>
<!DOCTYPE mapper PUBLIC 
"-//mybatis.org//DTD Mapper 3.0//EN" 
"http://mybatis.org/dtd/mybatis-3-mapper.dtd">
<mapper namespace="EmailMapper">

	<!-- 이메일 정보를 매핑하기 위한 resultMap -->
	<resultMap id="resultEmail"
		type="com.e3i3.moduerp.email.model.dto.Email">
		<id property="emailId" column="email_id" />
		<result property="senderUUID" column="sender_uuid" />
		<result property="recipientUUID" column="recipient_uuid" />
		<result property="senderEmail" column="sender_email" />
		<result property="recipientEmail" column="recipient_email" />
		<result property="senderName" column="sender_name" />
		<result property="recipientName" column="recipient_name" />
		<result property="subject" column="subject" />
		<result property="body" column="body" />
		<result property="attachmentPath" column="attachment_path" />
		<result property="sentDate" column="sent_date" />
		<result property="isRead" column="is_read" />
	</resultMap>

	<!-- 이메일 등록 쿼리 (UUID 사용) -->
	<insert id="insertEmail"
		parameterType="com.e3i3.moduerp.email.model.dto.Email">
		INSERT INTO email (sender_uuid, recipient_uuid, subject,
		body,
		attachment_path, sent_date, is_read)
		VALUES (#{senderUUID},
		#{recipientUUID}, #{subject}, #{body},
		#{attachmentPath}, #{sentDate},
		#{isRead})
	</insert>

	<!-- 로그인 유저가 받은 이메일의 총 개수를 세는 쿼리 -->
	<select id="countEmailsByRecipient" parameterType="string"
		resultType="int">
		SELECT COUNT(*) FROM email WHERE recipient_uuid =
		#{recipientUUID}
	</select>

	<!-- 로그인 유저가 받은 이메일을 페이징하여 조회하는 쿼리 -->
	<select id="selectEmailsByRecipientWithPaging"
		parameterType="map" resultMap="resultEmail">
		SELECT * FROM (
		SELECT e.*, emp1.emp_name
		AS sender_name, emp1.emp_email AS sender_email,
		ROWNUM AS row_number
		FROM email e
		LEFT JOIN employee emp1 ON e.sender_uuid = emp1.uuid
		WHERE
		e.recipient_uuid = #{recipientUUID}
		ORDER BY e.sent_date DESC
		)
		WHERE
		row_number BETWEEN #{offset} + 1 AND #{offset} + #{limit}
	</select>

		<!-- 총 보낸 이메일 수 조회 -->
		<select id="countEmailsBySender" parameterType="string"
			resultType="int">
			SELECT COUNT(*) FROM email WHERE sender_uuid = #{senderUUID}
		</select>

		<!-- 보낸 이메일 목록 조회 (페이징 처리) -->
		<select id="selectEmailsBySenderWithPaging" parameterType="map"
			resultMap="resultEmail">
			SELECT * FROM (
			SELECT e.*, emp1.emp_name AS sender_name, emp1.emp_email AS sender_email,
			emp2.emp_name AS recipient_name, emp2.emp_email AS recipient_email,
			ROWNUM AS row_number
			FROM email e
			LEFT JOIN employee emp1 ON e.sender_uuid = emp1.uuid
			LEFT JOIN employee emp2 ON e.recipient_uuid = emp2.uuid
			WHERE e.sender_uuid = #{senderUUID}
			ORDER BY e.sent_date DESC
			)
			WHERE row_number BETWEEN #{offset} + 1 AND #{offset} + #{limit}
		</select>


	<!-- 페이징을 위해 ROWNUM과 서브쿼리를 활용한 이메일 조회 쿼리 -->
	<select id="selectEmailsByUserWithPaging" parameterType="map"
		resultMap="resultEmail">
		SELECT * FROM (
		SELECT e.*, emp1.emp_name AS sender_name,
		emp1.emp_email AS sender_email,
		emp2.emp_name AS recipient_name,
		emp2.emp_email AS recipient_email,
		ROWNUM AS row_number
		FROM email e
		LEFT JOIN employee emp1 ON e.sender_uuid = emp1.uuid
		LEFT JOIN employee
		emp2 ON e.recipient_uuid = emp2.uuid
		WHERE e.sender_uuid = #{userUUID}
		OR e.recipient_uuid = #{userUUID}
		ORDER BY e.sent_date DESC
		)
		WHERE
		row_number BETWEEN #{offset} + 1 AND #{offset} + #{limit}
	</select>


	<!-- 전체 이메일 수를 세는 쿼리 -->
	<select id="countEmailsByUser" parameterType="string"
		resultType="int">
		SELECT COUNT(*) FROM email WHERE sender_uuid = #{userUUID}
		OR recipient_uuid
		= #{userUUID}
	</select>


	<!-- 모든 이메일 조회 쿼리 (Employee 테이블과 조인하여 이름과 이메일 조회) -->
	<select id="selectAllEmails" resultMap="resultEmail">
		SELECT e.*,
		emp1.emp_name
		AS sender_name,
		emp1.emp_email AS sender_email,
		emp2.emp_name AS
		recipient_name,
		emp2.emp_email AS recipient_email
		FROM email e
		LEFT JOIN
		employee emp1 ON e.sender_uuid = emp1.uuid
		LEFT JOIN employee emp2 ON
		e.recipient_uuid = emp2.uuid
		ORDER BY e.sent_date DESC
	</select>

	<!-- 로그인 유저가 받은 이메일 조회 (Employee 테이블과 조인하여 이름과 이메일 조회) -->
	<select id="selectEmailsByRecipient" parameterType="String"
		resultMap="resultEmail">
		SELECT e.*,
		emp1.emp_name AS sender_name,
		emp1.emp_email AS
		sender_email,
		emp2.emp_name AS recipient_name,
		emp2.emp_email AS
		recipient_email
		FROM email e
		LEFT JOIN employee emp1 ON e.sender_uuid =
		emp1.uuid
		LEFT JOIN employee emp2 ON e.recipient_uuid = emp2.uuid
		WHERE
		e.recipient_uuid = #{recipientUUID}
		ORDER BY e.sent_date DESC
	</select>

	<!-- 로그인 유저가 보낸 이메일 조회 (Employee 테이블과 조인하여 이름과 이메일 조회) -->
	<select id="selectEmailsBySender" parameterType="String"
		resultMap="resultEmail">
		SELECT e.*,
		emp1.emp_name AS sender_name,
		emp1.emp_email AS
		sender_email,
		emp2.emp_name AS recipient_name,
		emp2.emp_email AS
		recipient_email
		FROM email e
		LEFT JOIN employee emp1 ON e.sender_uuid =
		emp1.uuid
		LEFT JOIN employee emp2 ON e.recipient_uuid = emp2.uuid
		WHERE
		e.sender_uuid = #{senderUUID}  <!-- 로그인한 사용자의 UUID로 조회 -->
		ORDER BY e.sent_date DESC
	</select>

	<!-- 로그인 유저가 보낸 이메일과 받은 이메일 조회 (Employee 테이블과 조인하여 이름과 이메일 조회) -->
	<select id="selectEmailsByUser" parameterType="String"
		resultMap="resultEmail">
		SELECT e.*,
		emp1.emp_name AS sender_name,
		emp1.emp_email AS
		sender_email,
		emp2.emp_name AS recipient_name,
		emp2.emp_email AS
		recipient_email
		FROM email e
		LEFT JOIN employee emp1 ON e.sender_uuid =
		emp1.uuid
		LEFT JOIN employee emp2 ON e.recipient_uuid = emp2.uuid
		WHERE
		e.sender_uuid = #{userUUID} OR e.recipient_uuid = #{userUUID}
		ORDER BY
		e.sent_date DESC
	</select>

	<!-- 이메일 ID로 이메일 조회 쿼리 (Employee 테이블과 조인하여 이름과 이메일 조회) -->
	<select id="selectEmailById" parameterType="Long"
		resultMap="resultEmail">
		SELECT e.*,
		emp1.emp_name AS sender_name,
		emp1.emp_email AS
		sender_email,
		emp2.emp_name AS recipient_name,
		emp2.emp_email AS
		recipient_email
		FROM email e
		LEFT JOIN employee emp1 ON e.sender_uuid =
		emp1.uuid
		LEFT JOIN employee emp2 ON e.recipient_uuid = emp2.uuid
		WHERE
		e.email_id = #{emailId}
	</select>

	<!-- 개별 이메일 읽음 상태 업데이트 -->
	<update id="updateReadStatus" parameterType="long">
		UPDATE email
		SET
		is_read = 'Y'
		WHERE email_id = #{emailId}
	</update>

	<!-- 여러 이메일의 읽음 상태 일괄 업데이트 -->
	<update id="updateReadStatusBatch" parameterType="list">
		UPDATE email
		SET is_read = 'Y'
		WHERE email_id IN
		<foreach item="item" collection="list" open="(" separator=","
			close=")">
			#{item}
		</foreach>
	</update>

	<delete id="deleteEmailsBatch" parameterType="list">
		DELETE FROM email
		WHERE email_id IN
		<foreach item="item" collection="list" open="(" separator=","
			close=")">
			#{item}
		</foreach>
	</delete>


</mapper>
