<?xml version="1.0" encoding="UTF-8"?>
<!DOCTYPE mapper PUBLIC "-//mybatis.org//DTD Mapper 3.0//EN" "http://mybatis.org/dtd/mybatis-3-mapper.dtd">
<mapper namespace="ItemSalesMapper">

	<!-- 아이템 정보를 매핑하기 위한 resultMap -->
	<resultMap id="itemSResultMap"
		type="com.e3i3.moduerp.item.model.dto.ItemDTO">
		<id property="itemCode" column="ITEM_CODE" />
		<result property="itemName" column="ITEM_NAME" />
		<result property="itemDesc" column="ITEM_DESC" />
		<result property="stockIn" column="STOCK_IN" />
		<result property="stockOut" column="STOCK_OUT" />
		<result property="stock" column="STOCK" />
		<result property="stockPlace" column="STOCK_PLACE" />
		<result property="inPrice" column="IN_PRICE" />
		<result property="outPrice" column="OUT_PRICE" />
		<result property="stockOutPlace" column="STOCK_OUT_PLACE" />
		<result property="createdAt" column="CREATED_AT" />
		<result property="updatedAt" column="UPDATED_AT" />
		<result property="bizNumber" column="BIZ_NUMBER" />
		<result property="createdOutAt" column="CREATED_OUT_AT" />
		<result property="itemList" column="ITEM_LIST"
			typeHandler="com.e3i3.moduerp.handler.StringListTypeHandler" />
	</resultMap>

	<select id="getItemsByBizNumber" resultMap="itemSResultMap">
		SELECT * FROM ITEM WHERE BIZ_NUMBER = #{bizNumber} AND ITEM_CODE LIKE
		CONCAT(#{bizNumber}, 'S%')
	</select>

	<!-- 아이템 이름을 biz_number로 필터링해서 조회하는 쿼리 -->
	<select id="selectSalesItemNamesByBizNumber"
		parameterType="String" resultType="String">
		SELECT ITEM_NAME
		FROM ITEM
		WHERE
		BIZ_NUMBER = #{bizNumber}
	</select>

	<!-- biz_number로 필터링된 stock_place 리스트를 조회하는 쿼리 -->
	<select id="selectSalesStockPlacesByBizNumber"
		parameterType="String" resultType="String">
		SELECT DISTINCT STOCK_PLACE
		FROM ITEM
		WHERE BIZ_NUMBER = #{bizNumber}
	</select>

	<!-- 아이템을 삽입하는 쿼리 -->
	<insert id="insertSalesItem">
		INSERT INTO ITEM (ITEM_CODE, ITEM_NAME, ITEM_DESC,
		STOCK_IN, STOCK,
		CREATED_AT, STOCK_PLACE, IN_PRICE, BIZ_NUMBER, ITEM_LIST)
		VALUES
		(#{itemCode},
		#{itemName}, #{itemDesc}, #{stockIn}, #{stockIn},
		SYSDATE, #{stockPlace}, #{inPrice}, #{bizNumber}, #{itemList,
		typeHandler=com.e3i3.moduerp.handler.StringListTypeHandler})
	</insert>

	<select id="getSalesItemsByBizNumber" parameterType="String"
		resultMap="itemSResultMap">
		SELECT * FROM ITEM WHERE BIZ_NUMBER = #{bizNumber}
		AND
		ITEM_CODE
		LIKE CONCAT(#{bizNumber}, 'S%')
	</select>

	<select id="selectItemByCode" parameterType="String"
		resultType="com.e3i3.moduerp.item.model.dto.ItemDTO">
		SELECT * FROM ITEM WHERE ITEM_CODE = #{itemCode}
	</select>

	<update id="updateSalesItem"
		parameterType="com.e3i3.moduerp.item.model.dto.ItemDTO">
		UPDATE ITEM
		SET ITEM_NAME = #{itemName},
		ITEM_DESC =
		#{itemDesc},
		STOCK_PLACE = #{stockPlace},
		IN_PRICE = #{inPrice},
		ITEM_LIST = #{itemList},
		STOCK_IN = #{stockIn},
		STOCK = #{stock},
		UPDATED_AT = SYSDATE
		WHERE ITEM_CODE = #{itemCode}
	</update>

	<delete id="deleteSalesItemByCode" parameterType="String">
		DELETE FROM
		ITEM
		WHERE ITEM_CODE = #{itemCode}
	</delete>

	<!-- ======================================= -->
	<!-- productionOUT -->
	<!-- BizNumber와 CREATED_OUT_AT이 있는 항목 조회 -->
	<select id="getSalesItemsByBizNumberOutDate"
		parameterType="String"
		resultType="com.e3i3.moduerp.item.model.dto.ItemDTO">
		SELECT
		ITEM_CODE,
		ITEM_NAME,
		ITEM_DESC,
		CREATED_AT,
		UPDATED_AT,
		STOCK_IN,
		STOCK_OUT,
		STOCK,
		STOCK_PLACE,
		IN_PRICE,
		ITEM_LIST,
		BIZ_NUMBER,
		OUT_PRICE,
		STOCK_OUT_PLACE,
		CREATED_OUT_AT,
		UPDATE_OUT_AT
		FROM ITEM
		WHERE
		BIZ_NUMBER = #{bizNumber}
		AND CREATED_OUT_AT IS NOT NULL
	</select>

	<select id="selectSalesItemsByBizNumberStartingWith"
		parameterType="map" resultMap="itemSResultMap">
		SELECT ITEM_NAME, STOCK_OUT_PLACE,
		STOCK, ITEM_CODE
		FROM ITEM
		WHERE
		BIZ_NUMBER = #{bizNumber}
		AND ITEM_CODE
		LIKE CONCAT(#{bizNumber}, 'S%')
	</select>

	<update id="updateSalesItemForSalesOut" parameterType="map">
		UPDATE
		ITEM
		SET
		CREATED_OUT_AT = #{createdOutAt},
		STOCK_OUT =
		COALESCE(STOCK_OUT, 0) + #{stockOut},
		OUT_PRICE = #{outPrice},
		STOCK_OUT_PLACE = #{stockOutPlace},
		STOCK =
		COALESCE(STOCK, 0) - #{stockOut}
		WHERE ITEM_CODE = #{itemCode}
	</update>

	<select id="getSalesStockByItemCode" parameterType="String"
		resultType="int">
		SELECT STOCK FROM ITEM WHERE ITEM_CODE = #{itemCode}
	</select>

	<update id="updateSalesStockOut">
		UPDATE ITEM
		SET STOCK_OUT = #{totalStockOut}
		WHERE
		ITEM_CODE = #{itemCode}
	</update>

	<select id="getSalesStockInByItemCode" resultType="int">
		SELECT
		STOCK_IN
		FROM ITEM WHERE ITEM_CODE = #{itemCode}
	</select>

	<update id="updateSalesStock">
		UPDATE ITEM
		SET STOCK = #{updatedStock}
		WHERE ITEM_CODE
		= #{itemCode}
	</update>

	<update id="updateSalesItemWithLatestStockOut"
		parameterType="map">
		UPDATE ITEM
		SET CREATED_OUT_AT = #{latestOutDate},
		OUT_PRICE = #{latestOutPrice},
		STOCK_OUT_PLACE = #{latestOutPlace}
		WHERE ITEM_CODE = #{itemCode}
	</update>

	<update id="resetSalesItemStockOutDetails"
		parameterType="String">
		UPDATE ITEM
		SET CREATED_OUT_AT = NULL,
		OUT_PRICE = NULL,
		STOCK_OUT_PLACE = NULL
		WHERE ITEM_CODE = #{itemCode}
	</update>

	<update id="updateSalesItemStockOutToNull">
		UPDATE ITEM
		SET STOCK_OUT = 0,
		OUT_PRICE = NULL,
		STOCK_OUT_PLACE = NULL,
		CREATED_OUT_AT = NULL
		WHERE ITEM_CODE =
		#{itemCode}
	</update>

</mapper>
