<?xml version="1.0" encoding="utf-8"?>
<!DOCTYPE mapper PUBLIC
 "-//mybatis.org//DTD Mapper 3.0//EN"
 "http://mybatis.org/dtd/mybatis-3-mapper.dtd">
<mapper namespace="noticeMapper">
<!-- namespace (이름공간) == 패키지와 같음 : 매퍼 영역에 이름을 붙여준 것으로 이해하면 됨 -->
	
	<resultMap type="Notice" id="resultNotice">
		<result property="noticeSeq" column="NOTICE_SEQ" />
		<result property="uuID" column="UUID" />
		<result property="departmentId" column="DEPARTMENT_ID" />
		<result property="noticeTitle" column="NOTICE_TITLE" />
		<result property="writeDate" column="WRITE_DATE" />
		<result property="noticeBody" column="NOTICE_BODY" />
		<result property="noticeImp" column="NOTICE_IMP" />
		<result property="viewCnt" column="VIEW_CNT" />
		<result property="attachFile" column="ATTACH_FILE" />
	</resultMap>


	<resultMap type="Notice" id="resultTop3">
		<result property="noticeNo" column="NOTICENO" />
		<result property="noticeTitle" column="NOTICETITLE" />
		<result property="noticeDate" column="NOTICEDATE" />
	</resultMap>

	<!-- ajax 테스트용 : 최근 등록된 마지막 공지글 한 개 조회용 -->
	<select id="selectLast" resultMap="resultNotice">
		select * from notice
		where noticeno = (select max(noticeno) from notice)
	</select>
	
	<!-- ajax 요청 : 최근 등록 게시글 3개 조회용 (top-N) -->
	<select id="selectTop3" resultMap="resultTop3">
		SELECT *
		FROM (SELECT ROWNUM RNUM, NOTICENO, NOTICETITLE, NOTICEDATE
		            FROM(SELECT * FROM NOTICE
		                        WHERE IMPORTANCE = 'N'
		                        ORDER BY NOTICEDATE DESC, NOTICENO DESC))
		WHERE RNUM BETWEEN 1 AND 3
	</select><!-- #selectTop3 end -->
	
	
	
	<!-- 공지 제목 검색용 쿼리 -->
	<select id="selectSearchTitleKeyword" parameterType="string" resultMap="resultNotice">
		select * from notice
		where noticetitle like '%' || #{ keyword } || '%'
		order by importance desc, noticeno desc
	</select>
	
	<!-- 새 공지글 등록용 쿼리 -->
	<insert id="insertNotice" parameterType="Notice">
		insert into notice
		<if test="importance != null">
		values ((select max(noticeno) + 1 from notice), 
				#{ noticeTitle }, sysdate, #{ noticeWriter }, #{ noticeContent },
				#{ originalFilePath }, #{ renameFilePath }, #{ importance }, #{ impEndDate }, default)
		</if>
		<if test="importance == null">
		values ((select max(noticeno) + 1 from notice), 
				#{ noticeTitle }, sysdate, #{ noticeWriter }, #{ noticeContent },
				#{ originalFilePath }, #{ renameFilePath }, default, sysdate, default)
		</if>
	</insert>
	

	
	
	
</mapper>










