<?xml version="1.0" encoding="UTF-8"?>
<!DOCTYPE mapper PUBLIC "-//mybatis.org//DTD Mapper 3.0//EN" "http://mybatis.org/dtd/mybatis-3-mapper.dtd">
<mapper namespace="SalesStockMapper">

    <!-- SalesStockIn에 대한 resultMap -->
    <resultMap id="resultSalesStockIn"
        type="com.e3i3.moduerp.salesstock.model.dto.SalesStockInDTO">
        <result property="sStockInId" column="S_STOCK_IN_ID" />
        <result property="itemCode" column="ITEM_CODE" />
        <result property="sStockInDate" column="S_STOCK_IN_DATE" />
        <result property="sStockInPlace" column="S_STOCK_IN_PLACE" />
        <result property="sStockInQty" column="S_STOCK_IN_QTY" />
        <result property="uuid" column="UUID" />
    </resultMap>

    <!-- 모든 sales 입고 데이터 조회용 쿼리 -->
    <select id="getAllSalesStockIn"
        resultMap="resultSalesStockIn">
        SELECT * FROM ITEM WHERE BIZ_NUMBER = #{bizNumber} AND ITEM_CODE LIKE CONCAT(#{itemCode}, 'S%')
    </select>

    <!-- 새로운 sales 입고 데이터를 삽입하는 쿼리 -->
    <insert id="insertSalesStockIn">
        INSERT INTO SALES_STOCK_IN (S_STOCK_IN_ID, ITEM_CODE, S_STOCK_IN_DATE, 
        S_STOCK_IN_PLACE, S_STOCK_IN_QTY, UUID)
        VALUES (#{sStockInId}, #{itemCode}, #{sStockInDate}, #{sStockInPlace}, 
        #{sStockInQty}, #{uuid})
    </insert>

    <!-- ITEM_CODE로 특정 sales 입고 데이터를 조회하는 쿼리 -->
    <select id="selectSalesStockInByItemCode"
        parameterType="map"
        resultMap="resultSalesStockIn">
        SELECT * FROM ITEM WHERE BIZ_NUMBER = #{bizNumber} AND ITEM_CODE LIKE CONCAT(#{itemCode}, 'S%')
    </select>

    <!-- 특정 ITEM_CODE의 sales 입고 데이터를 업데이트하는 쿼리 -->
    <update id="updateSalesStockIn"
        parameterType="com.e3i3.moduerp.salesstock.model.dto.SalesStockInDTO">
        UPDATE SALES_STOCK_IN
        SET S_STOCK_IN_PLACE = #{sStockInPlace}, S_STOCK_IN_QTY = #{sStockInQty}
        WHERE ITEM_CODE = #{itemCode}
    </update>

    <!-- ITEM_CODE로 특정 sales 입고 데이터를 삭제하는 쿼리 -->
    <delete id="deleteSalesStockInByItemCode"
        parameterType="String">
        DELETE FROM SALES_STOCK_IN WHERE ITEM_CODE = #{itemCode}
    </delete>

</mapper>
